[{"type":"row","layout":"48","settings":{"name":"Top Bar","background_color":"#3d3d3d","color":"#d4d4d4","background_image":"","background_repeat":"repeat","background_size":"inherit","background_attachment":"inherit","background_position":"50% 50%","link_color":"#b3b3b3","link_hover_color":"#d1d1d1","hidden_xs":0,"hidden_sm":0,"hidden_md":0,"padding":"","margin":"","fluidrow":0,"custom_class":"","bg_color":"#f02222","bg_image":"images/powered_by.png","text_color":"#ffffff","xs_hidden":0,"ms_hidden":0,"md_hidden":0,"bg_repeat":"no-repeat","bg_img_size":"cover","bg_position":"contain"},"attr":[{"type":"sp_col","className":"layout-column col-sm-4","settings":{"xs_col":"col-xs-12","sm_col":"col-sm-4","hidden_md":0,"hidden_sm":0,"hidden_xs":1,"xs_hidden":0,"ms_hidden":0,"md_hidden":0,"custom_class":"","name":"top1","column_type":0,"sortableitem":"[object Object]"}},{"type":"sp_col","className":"layout-column col-sm-8","settings":{"column_type":0,"name":"top2","custom_class":"pull-right","xs_hidden":0,"ms_hidden":0,"md_hidden":0,"hidden_xs":0,"hidden_sm":0,"hidden_md":0,"sm_col":"col-sm-8","xs_col":"col-xs-12","sortableitem":"[object Object]"}}]},{"type":"row","layout":"381","settings":{"name":"Header","background_color":"#303030","color":"#f0f0f0","background_image":"","background_repeat":"repeat","background_size":"inherit","link_color":"#ededed","link_hover_color":"#ffffff","hidden_xs":0,"hidden_sm":0,"hidden_md":0,"padding":"","margin":"","fluidrow":0,"custom_class":"flex"},"attr":[{"type":"sp_col","className":"layout-column col-sm-3 column-active","settings":{"sortableitem":"[object Object]","md_hidden":0,"ms_hidden":0,"xs_hidden":0,"custom_class":"","xs_col":"col-xs-9","sm_col":"col-sm-10","hidden_md":0,"hidden_sm":0,"hidden_xs":0,"name":"logo","column_type":0}},{"type":"sp_col","className":"layout-column col-sm-8","settings":{"sortableitem":"[object Object]","column_type":0,"name":"menu","hidden_xs":0,"hidden_sm":0,"hidden_md":0,"sm_col":"col-sm-1","xs_col":"col-xs-1","custom_class":"","md_hidden":0,"ms_hidden":0,"xs_hidden":0}},{"type":"sp_col","className":"layout-column col-sm-1","settings":{"sortableitem":"[object Object]","custom_class":"","xs_col":"col-xs-1","sm_col":"col-sm-1","hidden_md":0,"hidden_sm":0,"hidden_xs":0,"name":"topsearch","column_type":0}}]},{"type":"row","layout":12,"settings":{"custom_class":"","fluidrow":1,"margin":"","padding":"","hidden_md":0,"hidden_sm":0,"hidden_xs":0,"link_hover_color":"","link_color":"","background_image":"","color":"","background_color":"","name":"Slider"},"attr":[{"type":"sp_col","className":"layout-column col-sm-12","settings":{"custom_class":"","xs_col":"","sm_col":"","hidden_md":0,"hidden_sm":0,"hidden_xs":0,"name":"slider","column_type":0}}]},{"type":"row","layout":12,"settings":{"background_position":"100% 50%","name":"Page Title","background_color":"","color":"","background_image":"","background_size":"cover","link_color":"","link_hover_color":"","hidden_xs":0,"hidden_sm":0,"hidden_md":0,"padding":"","margin":"","fluidrow":1,"custom_class":"","background_repeat":"no-repeat"},"attr":[{"type":"sp_col","className":"layout-column col-sm-12","settings":{"custom_class":"","xs_col":"","sm_col":"","hidden_md":0,"hidden_sm":0,"hidden_xs":0,"name":"title","column_type":0}}]},{"type":"row","layout":"363","settings":{"bg_color":"","bg_image":"","text_color":"","xs_hidden":0,"ms_hidden":0,"md_hidden":0,"custom_class":"","fluidrow":0,"margin":"","padding":"","hidden_md":0,"hidden_sm":0,"hidden_xs":0,"link_hover_color":"","link_color":"","background_image":"","color":"","background_color":"","name":"Main Body"},"attr":[{"type":"sp_col","className":"layout-column col-sm-3","settings":{"sortableitem":"[object Object]","custom_class":"","md_hidden":0,"ms_hidden":0,"xs_hidden":0,"name":"left","column_type":0,"hidden_xs":0,"hidden_sm":0,"hidden_md":0,"sm_col":"","xs_col":""}},{"type":"sp_col","className":"layout-column col-sm-6","settings":{"sortableitem":"[object Object]","xs_hidden":0,"ms_hidden":0,"md_hidden":0,"custom_class":"","name":"","column_type":1}},{"type":"sp_col","className":"layout-column col-sm-3","settings":{"sortableitem":"[object Object]","column_type":0,"name":"right","xs_hidden":0,"ms_hidden":0,"md_hidden":0,"custom_class":"","hidden_xs":0,"hidden_sm":0,"hidden_md":0,"sm_col":"","xs_col":""}}]},{"type":"row","layout":"3333","settings":{"custom_class":"","fluidrow":1,"margin":"","padding":"100px 0px","hidden_md":0,"hidden_sm":0,"hidden_xs":0,"link_hover_color":"","link_color":"","background_image":"","color":"","background_color":"#f5f5f5","name":"Bottom"},"attr":[{"type":"sp_col","className":"layout-column col-sm-3","settings":{"sortableitem":"[object Object]","custom_class":"","xs_col":"","sm_col":"col-sm-6","hidden_md":0,"hidden_sm":0,"hidden_xs":0,"name":"bottom1","column_type":0}},{"type":"sp_col","className":"layout-column col-sm-3","settings":{"column_type":0,"name":"bottom2","hidden_xs":0,"hidden_sm":0,"hidden_md":0,"sm_col":"col-sm-6","xs_col":"","custom_class":""}},{"type":"sp_col","className":"layout-column col-sm-3","settings":{"column_type":0,"name":"bottom3","hidden_xs":0,"hidden_sm":0,"hidden_md":0,"sm_col":"col-sm-6","xs_col":"","custom_class":""}},{"type":"sp_col","className":"layout-column col-sm-3","settings":{"column_type":0,"name":"bottom4","hidden_xs":0,"hidden_sm":0,"hidden_md":0,"sm_col":"col-sm-6","xs_col":"","custom_class":""}}]},{"type":"row","layout":12,"settings":{"fluidrow":0,"margin":"","padding":"","hidden_md":0,"hidden_sm":0,"hidden_xs":0,"background_image":"","color":"#b0b0b0","background_color":"#363839","name":"Footer","bg_color":"","bg_image":"","text_color":"","link_color":"#d6d6d6","link_hover_color":"#f0f0f0","xs_hidden":0,"ms_hidden":0,"md_hidden":0,"custom_class":""},"attr":[{"type":"sp_col","className":"layout-column col-sm-12","settings":{"sortableitem":"[object Object]","custom_class":"","md_hidden":0,"ms_hidden":0,"xs_hidden":0,"name":"footer1","column_type":0,"hidden_xs":0,"hidden_sm":0,"hidden_md":0,"sm_col":"","xs_col":""}}]}]