[{"type":"row","layout":"291","settings":{"name":"Header","background_color":"","color":"#ffffff","background_image":"","background_repeat":"repeat","background_size":"cover","link_color":"#ffffff","link_hover_color":"","hidden_xs":0,"hidden_sm":0,"hidden_md":0,"padding":"","margin":"","fluidrow":0,"custom_class":"sticky-top"},"attr":[{"type":"sp_col","className":"layout-column col-sm-2 column-active","settings":{"sortableitem":"[object Object]","column_type":0,"name":"logo","hidden_xs":0,"hidden_sm":0,"hidden_md":0,"sm_col":"col-sm-9","xs_col":"col-xs-9","custom_class":"","xs_hidden":0,"ms_hidden":0,"md_hidden":0}},{"type":"sp_col","className":"layout-column col-sm-9","settings":{"sortableitem":"[object Object]","xs_hidden":0,"ms_hidden":0,"md_hidden":0,"custom_class":"","xs_col":"col-xs-1","sm_col":"col-sm-1","hidden_md":0,"hidden_sm":0,"hidden_xs":0,"name":"menu","column_type":0}},{"type":"sp_col","className":"layout-column col-sm-1","settings":{"sortableitem":"[object Object]","custom_class":"","xs_col":"col-xs-1","sm_col":"col-sm-1","hidden_md":0,"hidden_sm":0,"hidden_xs":0,"name":"topsearch","column_type":0}}]},{"type":"row","layout":12,"settings":{"custom_class":"","fluidrow":1,"margin":"","padding":"","hidden_md":0,"hidden_sm":0,"hidden_xs":0,"link_hover_color":"","link_color":"","background_image":"","color":"","background_color":"","name":"Slider"},"attr":[{"type":"sp_col","className":"layout-column col-sm-12","settings":{"custom_class":"","xs_col":"","sm_col":"","hidden_md":0,"hidden_sm":0,"hidden_xs":0,"name":"slider","column_type":0}}]},{"type":"row","layout":12,"settings":{"background_position":"100% 50%","name":"Title","background_color":"","color":"","background_image":"","background_size":"cover","link_color":"","link_hover_color":"","hidden_xs":0,"hidden_sm":0,"hidden_md":0,"padding":"","margin":"","fluidrow":1,"custom_class":"","background_repeat":"no-repeat"},"attr":[{"type":"sp_col","className":"layout-column col-sm-12","settings":{"custom_class":"","xs_col":"","sm_col":"","hidden_md":0,"hidden_sm":0,"hidden_xs":0,"name":"title","column_type":0}}]},{"type":"row","layout":"363","settings":{"fluidrow":1,"margin":"","padding":"","hidden_md":0,"hidden_sm":0,"hidden_xs":0,"background_image":"","color":"","background_color":"","name":"Main Body","bg_color":"","bg_image":"","text_color":"","link_color":"","link_hover_color":"","xs_hidden":0,"ms_hidden":0,"md_hidden":0,"custom_class":""},"attr":[{"type":"sp_col","className":"layout-column col-sm-3","settings":{"sortableitem":"[object Object]","custom_class":"","md_hidden":0,"ms_hidden":0,"xs_hidden":0,"name":"left","column_type":0,"hidden_xs":0,"hidden_sm":0,"hidden_md":0,"sm_col":"","xs_col":""}},{"type":"sp_col","className":"layout-column col-sm-6","settings":{"sortableitem":"[object Object]","xs_hidden":0,"ms_hidden":0,"md_hidden":0,"custom_class":"","name":"","column_type":1}},{"type":"sp_col","className":"layout-column col-sm-3","settings":{"sortableitem":"[object Object]","column_type":0,"name":"right","xs_hidden":0,"ms_hidden":0,"md_hidden":0,"custom_class":"","hidden_xs":0,"hidden_sm":0,"hidden_md":0,"sm_col":"","xs_col":""}}]},{"type":"row","layout":"3333","settings":{"custom_class":"","fluidrow":0,"margin":"","padding":"100px 0px","hidden_md":0,"hidden_sm":0,"hidden_xs":0,"link_hover_color":"","link_color":"","background_image":"","color":"","background_color":"#f5f5f5","name":"Bottom"},"attr":[{"type":"sp_col","className":"layout-column col-sm-3","settings":{"sortableitem":"[object Object]","custom_class":"","xs_col":"","sm_col":"col-sm-6","hidden_md":0,"hidden_sm":0,"hidden_xs":0,"name":"bottom1","column_type":0}},{"type":"sp_col","className":"layout-column col-sm-3","settings":{"column_type":0,"name":"bottom2","hidden_xs":0,"hidden_sm":0,"hidden_md":0,"sm_col":"col-sm-6","xs_col":"","custom_class":""}},{"type":"sp_col","className":"layout-column col-sm-3","settings":{"column_type":0,"name":"bottom3","hidden_xs":0,"hidden_sm":0,"hidden_md":0,"sm_col":"col-sm-6","xs_col":"","custom_class":""}},{"type":"sp_col","className":"layout-column col-sm-3","settings":{"column_type":0,"name":"bottom4","hidden_xs":0,"hidden_sm":0,"hidden_md":0,"sm_col":"col-sm-6","xs_col":"","custom_class":""}}]},{"type":"row","layout":12,"settings":{"fluidrow":0,"margin":"","padding":"","hidden_md":0,"hidden_sm":0,"hidden_xs":0,"background_image":"","color":"#ffffff","background_color":"","name":"Footer","bg_color":"","bg_image":"","text_color":"","link_color":"#dedede","link_hover_color":"#ffffff","xs_hidden":0,"ms_hidden":0,"md_hidden":0,"custom_class":"black_bckg-20 sticky-bottom"},"attr":[{"type":"sp_col","className":"layout-column col-sm-12","settings":{"sortableitem":"[object Object]","custom_class":"","md_hidden":0,"ms_hidden":0,"xs_hidden":0,"name":"footer1","column_type":0,"hidden_xs":0,"hidden_sm":0,"hidden_md":0,"sm_col":"","xs_col":""}}]}]