[{"type":"row","layout":"381","settings":{"custom_class":"white","fluidrow":0,"margin":"","padding":"","hidden_md":0,"hidden_sm":0,"hidden_xs":0,"link_hover_color":"#808080","link_color":"#999999","background_size":"cover","background_repeat":"repeat","background_image":"","color":"","background_color":"","name":"Header"},"attr":[{"type":"sp_col","className":"layout-column col-sm-3 column-active","settings":{"sortableitem":"[object Object]","column_type":0,"name":"logo","hidden_xs":0,"hidden_sm":0,"hidden_md":0,"sm_col":"col-sm-10","xs_col":"col-xs-9","custom_class":"","xs_hidden":0,"ms_hidden":0,"md_hidden":0}},{"type":"sp_col","className":"layout-column col-sm-8","settings":{"sortableitem":"[object Object]","column_type":0,"name":"menu","hidden_xs":0,"hidden_sm":0,"hidden_md":0,"sm_col":"col-sm-1","xs_col":"col-xs-1","custom_class":"","xs_hidden":0,"ms_hidden":0,"md_hidden":0}},{"type":"sp_col","className":"layout-column col-sm-1","settings":{"sortableitem":"[object Object]","column_type":0,"name":"topsearch","hidden_xs":0,"hidden_sm":0,"hidden_md":0,"sm_col":"col-sm-1","xs_col":"col-xs-1","custom_class":"no-gutter"}}]},{"type":"row","layout":12,"settings":{"name":"Slider","background_color":"","color":"","background_image":"","link_color":"","link_hover_color":"","hidden_xs":0,"hidden_sm":0,"hidden_md":0,"padding":"","margin":"","fluidrow":1,"custom_class":""},"attr":[{"type":"sp_col","className":"layout-column col-sm-12","settings":{"column_type":0,"name":"slider","hidden_xs":0,"hidden_sm":0,"hidden_md":0,"sm_col":"","xs_col":"","custom_class":""}}]},{"type":"row","layout":12,"settings":{"background_repeat":"no-repeat","custom_class":"","fluidrow":1,"margin":"","padding":"","hidden_md":0,"hidden_sm":0,"hidden_xs":0,"link_hover_color":"","link_color":"","background_size":"cover","background_image":"","color":"","background_color":"","name":"Title","background_position":"100% 50%"},"attr":[{"type":"sp_col","className":"layout-column col-sm-12","settings":{"column_type":0,"name":"title","hidden_xs":0,"hidden_sm":0,"hidden_md":0,"sm_col":"","xs_col":"","custom_class":""}}]},{"type":"row","layout":"363","settings":{"custom_class":"","md_hidden":0,"ms_hidden":0,"xs_hidden":0,"link_hover_color":"","link_color":"","text_color":"","bg_image":"","bg_color":"","name":"Main Body","background_color":"","color":"","background_image":"","hidden_xs":0,"hidden_sm":0,"hidden_md":0,"padding":"","margin":"","fluidrow":1},"attr":[{"type":"sp_col","className":"layout-column col-sm-3","settings":{"xs_col":"","sm_col":"","hidden_md":0,"hidden_sm":0,"hidden_xs":0,"column_type":0,"name":"left","xs_hidden":0,"ms_hidden":0,"md_hidden":0,"custom_class":"","sortableitem":"[object Object]"}},{"type":"sp_col","className":"layout-column col-sm-6","settings":{"column_type":1,"name":"","custom_class":"","md_hidden":0,"ms_hidden":0,"xs_hidden":0,"sortableitem":"[object Object]"}},{"type":"sp_col","className":"layout-column col-sm-3","settings":{"xs_col":"","sm_col":"","hidden_md":0,"hidden_sm":0,"hidden_xs":0,"custom_class":"","md_hidden":0,"ms_hidden":0,"xs_hidden":0,"name":"right","column_type":0,"sortableitem":"[object Object]"}}]},{"type":"row","layout":"3333","settings":{"name":"Bottom","background_color":"#f5f5f5","color":"","background_image":"","link_color":"","link_hover_color":"","hidden_xs":0,"hidden_sm":0,"hidden_md":0,"padding":"100px 0px","margin":"","fluidrow":0,"custom_class":""},"attr":[{"type":"sp_col","className":"layout-column col-sm-3","settings":{"column_type":0,"name":"bottom1","hidden_xs":0,"hidden_sm":0,"hidden_md":0,"sm_col":"col-sm-6","xs_col":"","custom_class":"","sortableitem":"[object Object]"}},{"type":"sp_col","className":"layout-column col-sm-3","settings":{"custom_class":"","xs_col":"","sm_col":"col-sm-6","hidden_md":0,"hidden_sm":0,"hidden_xs":0,"name":"bottom2","column_type":0}},{"type":"sp_col","className":"layout-column col-sm-3","settings":{"custom_class":"","xs_col":"","sm_col":"col-sm-6","hidden_md":0,"hidden_sm":0,"hidden_xs":0,"name":"bottom3","column_type":0}},{"type":"sp_col","className":"layout-column col-sm-3","settings":{"custom_class":"","xs_col":"","sm_col":"col-sm-6","hidden_md":0,"hidden_sm":0,"hidden_xs":0,"name":"bottom4","column_type":0}}]},{"type":"row","layout":12,"settings":{"custom_class":"","md_hidden":0,"ms_hidden":0,"xs_hidden":0,"link_hover_color":"#f0f0f0","link_color":"#d6d6d6","text_color":"","bg_image":"","bg_color":"","name":"Footer","background_color":"#363839","color":"#b0b0b0","background_image":"","hidden_xs":0,"hidden_sm":0,"hidden_md":0,"padding":"","margin":"","fluidrow":0},"attr":[{"type":"sp_col","className":"layout-column col-sm-12","settings":{"xs_col":"","sm_col":"","hidden_md":0,"hidden_sm":0,"hidden_xs":0,"column_type":0,"name":"footer1","xs_hidden":0,"ms_hidden":0,"md_hidden":0,"custom_class":"","sortableitem":"[object Object]"}}]}]