[{"type":"row","layout":12,"settings":{"name":"Logo Centered","background_color":"#3b3b3b","color":"#f0f0f0","background_image":"images/svg/section-background-stripes-gentle.svg","background_repeat":"repeat","link_color":"#e0e0e0","link_hover_color":"#ffffff","hidden_xs":0,"hidden_sm":0,"hidden_md":0,"padding":"","margin":"","fluidrow":0,"custom_class":"centered"},"attr":[{"type":"sp_col","className":"layout-column col-sm-12","settings":{"md_hidden":0,"ms_hidden":0,"xs_hidden":0,"sortableitem":"[object Object]","custom_class":"centered","xs_col":"","sm_col":"","hidden_md":0,"hidden_sm":0,"hidden_xs":0,"name":"logo","column_type":0}}]},{"type":"row","layout":"111","settings":{"custom_class":"centered","fluidrow":0,"margin":"","padding":"","hidden_md":0,"hidden_sm":0,"hidden_xs":0,"link_hover_color":"#ffffff","link_color":"#d9d9d9","background_image":"","color":"#d9d9d9","background_color":"#303030","name":"Header"},"attr":[{"type":"sp_col","className":"layout-column col-sm-11 column-active","settings":{"column_type":0,"name":"menu","hidden_xs":0,"hidden_sm":0,"hidden_md":0,"sm_col":"col-sm-1","xs_col":"col-xs-1","custom_class":"centered","sortableitem":"[object Object]"}},{"type":"sp_col","className":"layout-column col-sm-1","settings":{"column_type":0,"name":"topsearch","hidden_xs":0,"hidden_sm":0,"hidden_md":0,"sm_col":"col-sm-1","xs_col":"col-xs-1","custom_class":"","sortableitem":"[object Object]"}}]},{"type":"row","layout":12,"settings":{"custom_class":"","fluidrow":1,"margin":"","padding":"","hidden_md":0,"hidden_sm":0,"hidden_xs":0,"link_hover_color":"","link_color":"","background_image":"","color":"","background_color":"","name":"Slider"},"attr":[{"type":"sp_col","className":"layout-column col-sm-12","settings":{"custom_class":"","xs_col":"","sm_col":"","hidden_md":0,"hidden_sm":0,"hidden_xs":0,"name":"slider","column_type":0}}]},{"type":"row","layout":12,"settings":{"name":"Page Title","background_color":"#a8a8a8","color":"","background_image":"","link_color":"","link_hover_color":"","hidden_xs":0,"hidden_sm":0,"hidden_md":0,"padding":"","margin":"","fluidrow":1,"custom_class":""},"attr":[{"type":"sp_col","className":"layout-column col-sm-12","settings":{"column_type":0,"name":"title","hidden_xs":0,"hidden_sm":0,"hidden_md":0,"sm_col":"","xs_col":"","custom_class":""}}]},{"type":"row","layout":"363","settings":{"name":"Main Body","bg_color":"","bg_image":"","text_color":"","link_color":"","link_hover_color":"","xs_hidden":0,"ms_hidden":0,"md_hidden":0,"custom_class":""},"attr":[{"type":"sp_col","className":"layout-column col-sm-3","settings":{"sortableitem":"[object Object]","custom_class":"custom-class","md_hidden":0,"ms_hidden":0,"xs_hidden":0,"name":"left","column_type":0}},{"type":"sp_col","className":"layout-column col-sm-6","settings":{"sortableitem":"[object Object]","xs_hidden":0,"ms_hidden":0,"md_hidden":0,"custom_class":"","name":"","column_type":1}},{"type":"sp_col","className":"layout-column col-sm-3","settings":{"sortableitem":"[object Object]","column_type":0,"name":"right","xs_hidden":0,"ms_hidden":0,"md_hidden":0,"custom_class":"class2"}}]},{"type":"row","layout":"3333","settings":{"custom_class":"","fluidrow":0,"margin":"","padding":"100px 0px","hidden_md":0,"hidden_sm":0,"hidden_xs":0,"link_hover_color":"","link_color":"","background_image":"","color":"","background_color":"#f5f5f5","name":"Bottom"},"attr":[{"type":"sp_col","className":"layout-column col-sm-3","settings":{"sortableitem":"[object Object]","custom_class":"","xs_col":"","sm_col":"col-sm-6","hidden_md":0,"hidden_sm":0,"hidden_xs":0,"name":"bottom1","column_type":0}},{"type":"sp_col","className":"layout-column col-sm-3","settings":{"column_type":0,"name":"bottom2","hidden_xs":0,"hidden_sm":0,"hidden_md":0,"sm_col":"col-sm-6","xs_col":"","custom_class":""}},{"type":"sp_col","className":"layout-column col-sm-3","settings":{"column_type":0,"name":"bottom3","hidden_xs":0,"hidden_sm":0,"hidden_md":0,"sm_col":"col-sm-6","xs_col":"","custom_class":""}},{"type":"sp_col","className":"layout-column col-sm-3","settings":{"column_type":0,"name":"bottom4","hidden_xs":0,"hidden_sm":0,"hidden_md":0,"sm_col":"col-sm-6","xs_col":"","custom_class":""}}]},{"type":"row","layout":12,"settings":{"fluidrow":0,"margin":"","padding":"","hidden_md":0,"hidden_sm":0,"hidden_xs":0,"background_image":"","color":"#9c9c9c","background_color":"#363839","name":"Footer","bg_color":"","bg_image":"","text_color":"","link_color":"#bdbdbd","link_hover_color":"#ff7a7a","xs_hidden":0,"ms_hidden":0,"md_hidden":0,"custom_class":""},"attr":[{"type":"sp_col","className":"layout-column col-sm-12","settings":{"sortableitem":"[object Object]","custom_class":"","md_hidden":0,"ms_hidden":0,"xs_hidden":0,"name":"footer1","column_type":0,"hidden_xs":0,"hidden_sm":0,"hidden_md":0,"sm_col":"","xs_col":""}}]}]